{
  "accuracy": [
    0.6580086350440979,
    0.7922077775001526,
    0.822510838508606,
    0.9264069199562073,
    0.9350649118423462,
    0.9220778942108154,
    0.939393937587738,
    0.948051929473877,
    0.9610389471054077,
    0.9653679728507996,
    0.9696969985961914,
    0.9783549904823303,
    0.9696969985961914,
    0.9567099809646606,
    0.9783549904823303,
    0.9653679728507996,
    0.9696969985961914,
    0.9653679728507996,
    0.9610389471054077,
    0.9783549904823303,
    0.9826839566230774,
    0.9826839566230774
  ],
  "loss": [
    0.7671446800231934,
    0.5369885563850403,
    0.40591302514076233,
    0.2871081233024597,
    0.2416868954896927,
    0.20539581775665283,
    0.160896897315979,
    0.15323923528194427,
    0.14995470643043518,
    0.12275739014148712,
    0.10712160915136337,
    0.09718094766139984,
    0.10385843366384506,
    0.11370781809091568,
    0.08173611760139465,
    0.09014243632555008,
    0.09418118000030518,
    0.0911351814866066,
    0.09130717068910599,
    0.06880612671375275,
    0.06923964619636536,
    0.06866510957479477
  ],
  "precision": [
    0.6580086350440979,
    0.7922077775001526,
    0.822510838508606,
    0.9264069199562073,
    0.9350649118423462,
    0.9220778942108154,
    0.939393937587738,
    0.948051929473877,
    0.9610389471054077,
    0.9653679728507996,
    0.9696969985961914,
    0.9783549904823303,
    0.9696969985961914,
    0.9567099809646606,
    0.9783549904823303,
    0.9653679728507996,
    0.9696969985961914,
    0.9653679728507996,
    0.9610389471054077,
    0.9783549904823303,
    0.9826839566230774,
    0.9826839566230774
  ],
  "recall": [
    0.6580086350440979,
    0.7922077775001526,
    0.822510838508606,
    0.9264069199562073,
    0.9350649118423462,
    0.9220778942108154,
    0.939393937587738,
    0.948051929473877,
    0.9610389471054077,
    0.9653679728507996,
    0.9696969985961914,
    0.9783549904823303,
    0.9696969985961914,
    0.9567099809646606,
    0.9783549904823303,
    0.9653679728507996,
    0.9696969985961914,
    0.9653679728507996,
    0.9610389471054077,
    0.9783549904823303,
    0.9826839566230774,
    0.9826839566230774
  ],
  "val_accuracy": [
    0.7368420958518982,
    0.8245614171028137,
    0.9298245906829834,
    0.9122806787490845,
    0.9824561476707458,
    0.9298245906829834,
    0.9298245906829834,
    1.0,
    0.9122806787490845,
    0.9122806787490845,
    0.9473684430122375,
    0.9122806787490845,
    0.9473684430122375,
    0.9649122953414917,
    0.9649122953414917,
    0.9298245906829834,
    0.9122806787490845,
    0.9298245906829834,
    0.9122806787490845,
    0.8947368264198303,
    0.9298245906829834,
    0.8947368264198303
  ],
  "val_loss": [
    0.5807827711105347,
    0.3541216254234314,
    0.2663501501083374,
    0.25984156131744385,
    0.18267503380775452,
    0.18661311268806458,
    0.14883394539356232,
    0.13746456801891327,
    0.20664812624454498,
    0.2194404900074005,
    0.17279893159866333,
    0.20319104194641113,
    0.16249096393585205,
    0.1346311867237091,
    0.084539495408535,
    0.11787228286266327,
    0.18578846752643585,
    0.18324065208435059,
    0.2317693829536438,
    0.22634461522102356,
    0.21909931302070618,
    0.20500308275222778
  ],
  "val_precision": [
    0.7368420958518982,
    0.8245614171028137,
    0.9298245906829834,
    0.9122806787490845,
    0.9824561476707458,
    0.9298245906829834,
    0.9298245906829834,
    1.0,
    0.9122806787490845,
    0.9122806787490845,
    0.9473684430122375,
    0.9122806787490845,
    0.9473684430122375,
    0.9649122953414917,
    0.9649122953414917,
    0.9298245906829834,
    0.9122806787490845,
    0.9298245906829834,
    0.9122806787490845,
    0.8947368264198303,
    0.9298245906829834,
    0.8947368264198303
  ],
  "val_recall": [
    0.7368420958518982,
    0.8245614171028137,
    0.9298245906829834,
    0.9122806787490845,
    0.9824561476707458,
    0.9298245906829834,
    0.9298245906829834,
    1.0,
    0.9122806787490845,
    0.9122806787490845,
    0.9473684430122375,
    0.9122806787490845,
    0.9473684430122375,
    0.9649122953414917,
    0.9649122953414917,
    0.9298245906829834,
    0.9122806787490845,
    0.9298245906829834,
    0.9122806787490845,
    0.8947368264198303,
    0.9298245906829834,
    0.8947368264198303
  ]
}